{"means": {"Age": 42.18449197860963, "Sleep Duration": 7.132085561497317, "Physical Activity Level": 59.17112299465241, "Stress Level": 5.385026737967914, "Heart Rate": 70.16577540106952, "Daily Steps": 6816.844919786096, "MAP_bloodpressure": 99.28431372549026}, "stds": {"Age": 8.67313346554724, "Sleep Duration": 0.7956567308898188, "Physical Activity Level": 20.830803658071673, "Stress Level": 1.7745264441985167, "Heart Rate": 4.135675535112214, "Daily Steps": 1617.915679133637, "MAP_bloodpressure": 6.647311307686788}}